R2_Score,MAE,RMSE,Intercept,Slope
0.15133796596256888,4.579094982553452,5.724621361849244,153.39371875994257,0.10901839502355296
